file,label,n_samples,full_l1_peak,full_pitch_range,full_roll_range,sub_l1_peak,sub_pitch_range,sub_roll_range,sub_tilt_sum,sub_pitch_shift,sub_roll_shift,active_start,active_end,pred_phone_pickup
20260311_191957_phone_pickup.csv,phone_pickup,300,5795.699999999998,0.1551474199634994,0.16954669892989804,5946.5,0.09999618984581554,0.16954669892989804,0.2695428887757136,0.08566114960681853,0.05490867372770403,90,140,True
20260311_192010_phone_pickup.csv,phone_pickup,300,5792.600000000001,0.17965832907952906,0.1409969109973448,5963.666666666667,0.1320878265294143,0.1409969109973448,0.2730847375267591,0.1113370986101882,0.03751481968855652,115,165,True
20260311_192032_phone_pickup.csv,phone_pickup,300,5766.4000000000015,0.1927491618374368,0.16464780435998305,5949.0,0.1532172779275242,0.14102589551097044,0.29424317343849465,0.1481396180037035,0.032880563369548255,125,175,True
20260311_192044_phone_pickup.csv,phone_pickup,300,5721.599999999997,0.1646776059180577,0.15739953819818409,5721.6,0.14062898212716612,0.1512701485414233,0.2918991306685894,0.11668183920530939,0.09324997590527173,85,135,True
20260311_192055_phone_pickup.csv,phone_pickup,300,5746.099999999995,0.1604523130838973,0.15090841626132345,5901.0,0.16030140004901805,0.11630227229619394,0.276603672345212,0.16030140004901805,0.05773949122292443,155,205,True
20260311_192104_phone_pickup.csv,phone_pickup,300,5784.500000000004,0.19913189071866888,0.11684684831982028,5706.1,0.1623212197632044,0.0880378489693856,0.25035906873259,0.11559727720507662,0.06434943161022677,140,190,True
20260311_192113_phone_pickup.csv,phone_pickup,300,5708.6999999999925,0.19155795942033177,0.13952112872453137,5679.0,0.1692519245843963,0.1319792678451569,0.3012311924295532,0.1458426148009766,0.007422048648211055,150,200,True
20260311_192127_phone_pickup.csv,phone_pickup,300,5886.300000000001,0.3062323024363407,0.23209265449968525,5812.900000000001,0.3062323024363407,0.23209265449968525,0.538324956936026,0.08818712397913331,0.0662879885751767,80,130,True
20260311_192135_phone_pickup.csv,phone_pickup,300,5722.599999999996,0.2193517168415443,0.13904080904057603,5982.0,0.16234329187990304,0.10897656384724674,0.2713198557271498,0.11856493420665859,0.06527796574966949,90,140,True
20260311_192149_phone_pickup.csv,phone_pickup,300,5731.299999999998,0.1948749962352782,0.13170518784507723,5637.500000000002,0.16573712981010352,0.1233322752176843,0.28906940502778783,0.15654317558398495,0.08594433789380995,135,185,True
20260311_192200_phone_pickup.csv,phone_pickup,300,5781.299999999998,0.18308829879336935,0.21830540566922174,5895.0,0.15497690263635716,0.21830540566922174,0.3732823083055789,0.15497690263635716,0.20314938051128895,105,155,True
20260311_192212_phone_pickup.csv,phone_pickup,300,5730.900000000003,0.16436379710805382,0.1476747733573922,5886.25,0.1413374736966887,0.1476747733573922,0.2890122470540809,0.10765796389959015,0.04680492471514219,90,140,True
20260311_192231_phone_pickup.csv,phone_pickup,300,5992.700000000001,0.20703198855126853,0.12832624745937093,5611.199999999998,0.19512946651273272,0.10246237757503263,0.29759184408776534,0.18811038655755685,0.0329124998797069,120,170,True
20260311_193015_still.csv,still,300,5546.0,0.0056362759725328004,0.008126346107594218,5531.0,0.004839249840432602,0.006909548161044277,0.011748798001476879,0.0033816619279635196,0.00038194450934103674,30,80,False
20260311_193023_still.csv,still,300,5525.0,0.006037609983258085,0.005817103581814753,5525.0,0.005690722796612424,0.004934261642142945,0.01062498443875537,0.0008105257372437169,0.0009989610236882385,0,50,False
20260311_193032_still.csv,still,300,5493.0,0.010732501253196802,0.007124809692098388,5459.1,0.010732501253196802,0.007057350920366079,0.01778985217356288,0.0007004651944022555,0.001428647909177183,250,300,False
20260311_193040_still.csv,still,300,5464.0,0.007372020671608581,0.00717768380999062,5449.0,0.006864543532937306,0.006788705445144982,0.013653248978082289,0.0012052592175958443,0.0011847698751240587,60,110,False
20260311_193048_still.csv,still,300,5524.0,0.0065490177871965205,0.0135461209545219,5519.200000000002,0.00582894503476894,0.0135461209545219,0.01937506598929084,0.001689922307807179,0.0028995606030736143,125,175,False
20260311_193056_still.csv,still,300,5567.0,0.006908828189096772,0.006859591303602808,5566.75,0.005792908846298683,0.006210281747822455,0.012003190594121138,0.0024445630337869284,0.0013303100348761587,75,125,False
20260311_193103_still.csv,still,300,5555.7,0.015478581925094548,0.014439853818350334,5551.0,0.008557344673095102,0.0123131512545408,0.0208704959276359,0.00814468970606319,0.010445068782912736,250,300,False
20260311_193113_still.csv,still,300,5659.0,0.009004098397566107,0.01226723286361342,5659.0,0.008492694542068024,0.01226723286361342,0.020759927405681444,0.0020927668712822367,0.00515328372287005,0,50,False
20260311_193120_still.csv,still,300,5543.0,0.008325872830812875,0.010514509885751533,5527.2,0.0057684337690593335,0.010514509885751533,0.016282943654810866,0.004307869155159572,0.007209259750900032,245,295,False
20260311_193130_still.csv,still,300,5536.0,0.01128665896990333,0.017088805961282483,5531.9000000000015,0.007228101093390227,0.016939185278107782,0.02416728637149801,0.003400399560251177,0.011481119454382682,5,55,False
20260311_193137_still.csv,still,300,5531.0,0.007246711350969326,0.012944436209841315,5523.0,0.005720908362616406,0.01081644985742336,0.016537358220039766,0.0009101495709421537,0.007326040359586505,25,75,False
20260311_193147_still.csv,still,300,5528.4,0.011416074139357302,0.012863086234127574,5528.400000000001,0.011416074139357302,0.012863086234127574,0.024279160373484876,0.0003724011383225978,0.0031305669132977165,5,55,False
20260311_193158_still.csv,still,300,5542.0,0.011915633476492604,0.022493198431269623,5542.0,0.01002140665821094,0.01854771637072483,0.028569123028935772,0.0007274626569558906,0.007076903318661176,0,50,False
20260311_193235_phone_pickup.csv,phone_pickup,300,5725.4,0.1820504613310296,0.1716032892751005,5715.599999999999,0.15922570034278644,0.1716032892751005,0.3308289896178869,0.10692429200570819,0.09394644092404725,155,205,True
20260311_193245_phone_pickup.csv,phone_pickup,300,5812.2,0.18384988695193993,0.12182198249039566,5621.799999999999,0.15052557534382394,0.09348195137529491,0.24400752671911885,0.14780035736570507,0.03790280324852591,205,255,True
20260311_193353_typing.csv,typing,300,5547.000000000001,0.022571409522132213,0.05248430065998255,5566.0,0.02051954988406568,0.0489226987583713,0.06944224864243698,0.0025546090181886028,0.012923213211674445,160,210,False
20260311_193405_typing.csv,typing,300,5555.500000000001,0.03273861926775168,0.04298382077543883,5529.4,0.0324421977523317,0.0395722716056367,0.0720144693579684,0.007671011028519192,0.004809463477097875,250,300,False
20260311_193415_typing.csv,typing,300,5533.6,0.02126588318574585,0.05488052013214684,5550.0,0.016638140230286758,0.04256460282929997,0.05920274305958673,0.000592959428583617,0.02999701088107809,105,155,False
20260311_193425_typing.csv,typing,300,5564.799999999996,0.0311716853205819,0.04774988625495735,5544.299999999999,0.029967523578230293,0.04454989084216676,0.07451741442039705,0.003477708102325505,0.005719676706598342,245,295,False
20260311_193433_typing.csv,typing,300,5553.0,0.01456899086751473,0.03105497830187487,5519.000000000002,0.0130396080982913,0.03105497830187487,0.04409458640016617,0.0013933672408384945,0.003378219797691817,240,290,False
20260311_193439_typing.csv,typing,300,5510.800000000003,0.016473475593333453,0.041722872619968654,5510.8,0.013311967549461734,0.03441857210892718,0.047730539658388915,0.0008933704992154512,0.009544391847876255,220,270,False
20260311_193447_typing.csv,typing,300,5575.000000000005,0.03262641310847891,0.07451914410728466,5575.000000000001,0.02602386223769404,0.07451914410728466,0.1005430063449787,0.0026274307913098927,0.04475533148584887,180,230,False
20260311_193454_typing.csv,typing,300,5526.0,0.016394279432551118,0.02577393925139604,5511.333333333333,0.013501848539714256,0.019540037006145705,0.03304188554585996,0.002298429655707257,0.015906794194827656,145,195,False
20260311_193502_typing.csv,typing,300,5621.900000000002,0.13359507339758564,0.0922669762995415,5858.0,0.12200783350482164,0.0862618236958177,0.20826965720063934,0.07602729283410042,0.035336285331567074,150,200,False
20260311_193515_typing.csv,typing,300,5511.0,0.012686324410349226,0.035575769921816436,5502.6,0.012078459183098578,0.03410089245539105,0.04617935163848963,0.003082470346768673,0.004713324783378048,60,110,False
20260311_193526_typing.csv,typing,300,5516.199999999997,0.020404209244191174,0.054421474139501935,5516.200000000002,0.01827658581221281,0.053749713170993196,0.072026298983206,0.0029277410883618016,0.014562955617502094,225,275,False
20260311_193536_typing.csv,typing,300,5573.699999999996,0.024829878808453665,0.09816989202531523,5586.0,0.024829878808453665,0.09816989202531523,0.1229997708337689,0.0010752000118765537,0.05207764288983863,240,290,False
20260311_193545_typing.csv,typing,300,5529.1,0.0210331402479621,0.07091941447589578,5537.4,0.02070337214331508,0.07091941447589578,0.09162278661921086,0.005112465565640489,0.03550118896698096,165,215,False
20260311_193554_typing.csv,typing,300,5617.599999999998,0.029656267677908854,0.11078732080106435,5617.5999999999985,0.026758573709896316,0.11078732080106435,0.13754589451096066,0.008733564320905884,0.016744601844729923,150,200,False
20260311_193703_writing.csv,writing,300,5723.199999999997,0.09745554144606777,0.12416179902627134,5930.0,0.08907896918025626,0.12025098786130506,0.20932995704156132,0.0010768868206998405,0.00766914185497769,170,220,False
20260311_193710_writing.csv,writing,300,5606.999999999995,0.07492419126191069,0.09948550100957732,5728.0,0.05856176039968097,0.09368682288302932,0.1522485832827103,0.0006494019254523753,0.02799475649567318,245,295,False
20260311_193719_writing.csv,writing,300,5612.400000000004,0.05321298572136435,0.10528460192119482,5612.400000000001,0.05321298572136435,0.10528460192119482,0.15849758764255917,0.0042546525304515415,0.009059352190293302,190,240,False
20260311_193728_writing.csv,writing,300,5621.899999999993,0.05395396441070943,0.1632564436671683,5621.9,0.04996512914244422,0.1632564436671683,0.21322157280961251,0.011316216453154948,0.02084338786696871,245,295,False
20260311_193738_writing.csv,writing,300,5593.099999999997,0.12810460744615032,0.0870364934950828,5785.0,0.11952791372084443,0.07844647420256579,0.1979743879234102,0.008204597328954066,0.05235173688513883,245,295,False
20260311_193747_writing.csv,writing,300,5631.899999999994,0.06818300901127206,0.09608648312766421,5610.700000000002,0.06475724233563473,0.08941946699431869,0.15417670932995342,0.034177568966728966,0.0022151036476369956,235,285,False
20260311_193755_writing.csv,writing,300,5576.200000000001,0.05406826083088112,0.1049730828212454,5632.333333333333,0.05158281310917456,0.09709222716651089,0.14867504027568545,8.54852465236311e-05,0.04627123964203261,220,270,False
20260311_193803_writing.csv,writing,300,5613.300000000007,0.03485818596347767,0.07050708070366118,5687.0,0.031040359503819448,0.07050708070366118,0.10154744020748063,0.011894690185103474,0.042172281237063514,240,290,False
20260311_193815_writing.csv,writing,300,5588.099999999998,0.061611365817588304,0.08865005411341342,5616.0,0.058247193878504744,0.08071507937495392,0.13896227325345867,0.023925128502529258,0.04478276164443995,75,125,False
20260311_193826_writing.csv,writing,300,5621.499999999999,0.051100332468839826,0.1184832518400114,5659.75,0.0363359556862497,0.1184832518400114,0.1548192075262611,0.008094064185965255,0.017565704370221424,160,210,False
20260311_193833_writing.csv,writing,300,5585.400000000002,0.08421043501535169,0.12088969471065825,5579.875,0.08421043501535169,0.09117752075610819,0.17538795577145988,0.001484072260670155,0.001489464333381818,200,250,False
20260311_193841_writing.csv,writing,300,5575.999999999999,0.06414156694211554,0.09145616604825924,5624.0,0.06414156694211554,0.06865254060208792,0.13279410754420345,0.011446458775213109,0.032440381711176136,215,265,False
20260311_193848_writing.csv,writing,300,5607.899999999998,0.06481837159279424,0.1076401854916974,5607.9000000000015,0.041632238928714704,0.1076401854916974,0.1492724244204121,0.0023416881494370267,0.05170444865674073,250,300,False
20260311_193925_random_arm_move.csv,random_arm_move,300,5760.000000000002,0.1927971818612485,0.19366205645178092,5765.0,0.15829248875192226,0.13478755780752438,0.29308004655944664,0.15038365595630565,0.13353220541390698,50,100,True
20260311_193938_random_arm_move.csv,random_arm_move,300,5737.099999999999,0.11695008354667913,0.1433138525730644,5803.0,0.1026335151886717,0.1433138525730644,0.2459473677617361,0.10220690742280425,0.12626758404925542,15,65,True
20260311_193948_random_arm_move.csv,random_arm_move,300,5711.600000000004,0.1317436899256199,0.13747185988617494,5651.333333333333,0.10251756137482704,0.10669764030291617,0.2092152016777432,0.09930551868498172,0.10669764030291617,130,180,False
20260311_193957_random_arm_move.csv,random_arm_move,300,5568.499999999998,0.03486925085460768,0.1475428139357854,5542.800000000001,0.028287757120335377,0.11577354275496743,0.1440612998753028,0.01144553595985065,0.11192805900901504,65,115,False
20260311_194004_random_arm_move.csv,random_arm_move,300,5650.300000000003,0.13332112421067732,0.13137468829910637,5649.0,0.12593301738829576,0.09807805124663571,0.22401106863493148,0.12593301738829576,0.09739663343008997,70,120,False
20260311_194022_random_arm_move.csv,random_arm_move,300,5683.899999999999,0.1550547105993223,0.14409694704474907,5683.9,0.09598758347244396,0.11667234599963716,0.21265992947208112,0.06633753941613163,0.08908339945456922,80,130,False
20260311_194035_random_arm_move.csv,random_arm_move,300,5720.299999999997,0.17716392736404857,0.1695488787443432,5649.0,0.17716392736404857,0.09073894172763386,0.2679028690916824,0.13082369611013295,0.02812734578395193,15,65,True
20260311_194047_random_arm_move.csv,random_arm_move,300,5681.400000000001,0.14210174233851736,0.18215542479205477,5693.0,0.14210174233851736,0.18215542479205477,0.3242571671305721,0.12804876829825185,0.11090220153183478,15,65,True
20260311_194055_random_arm_move.csv,random_arm_move,300,5647.699999999996,0.18001871211283327,0.14435511363532116,5656.0,0.13614297882567528,0.07208820061314403,0.2082311794388193,0.13614297882567528,0.07109266627172994,45,95,False
20260311_194104_random_arm_move.csv,random_arm_move,300,5620.100000000003,0.08496426123406853,0.09843100808263516,5543.500000000001,0.07918818325850663,0.07469919169156924,0.15388737495007587,0.07861678491570356,0.0658877294492235,175,225,False
20260311_194113_random_arm_move.csv,random_arm_move,300,5651.5,0.12277477720411034,0.0914061658435723,5662.0,0.11129587166790689,0.08888150310552234,0.20017737477342923,0.11129587166790689,0.08414814043861552,20,70,False
20260311_194121_random_arm_move.csv,random_arm_move,300,5556.900000000001,0.04750710664819946,0.0836327282412418,5556.900000000001,0.03693022085478259,0.08353130807514608,0.12046152892992867,0.0003534759148715594,0.014701054621062637,205,255,False
20260311_194136_random_arm_move.csv,random_arm_move,300,5647.000000000002,0.13551456818697516,0.11793974446412969,5659.333333333333,0.10191908706835329,0.08362841630479623,0.1855475033731495,0.10191908706835329,0.07233757418221543,60,110,False
20260311_194151_random_arm_move.csv,random_arm_move,300,5758.5999999999985,0.16094713957871565,0.1902412795720434,5616.0,0.10165044770259046,0.1692483169886716,0.27089876469126206,0.05715298799439972,0.12364344223396473,95,145,True
20260311_194203_random_arm_move.csv,random_arm_move,300,5715.799999999998,0.1272237854270294,0.07197764146470143,5667.9,0.09075927425941899,0.07180964929060352,0.1625689235500225,0.07374820613662003,0.03238324704034845,30,80,False
