t,ax,ay,az
164000,1656,1739,2107
164010,1648,1738,2096
164020,1645,1735,2096
164030,1643,1734,2096
164040,1643,1734,2101
164050,1644,1730,2100
164060,1634,1731,2103
164070,1626,1726,2102
164080,1625,1728,2096
164090,1620,1730,2103
164100,1627,1734,2110
164110,1613,1739,2114
164120,1616,1725,2113
164130,1611,1703,2112
164140,1614,1680,2121
164150,1613,1678,2128
164160,1609,1678,2143
164170,1602,1679,2147
164180,1600,1680,2145
164190,1604,1686,2153
164200,1610,1691,2145
164210,1616,1693,2146
164220,1623,1691,2135
164230,1631,1680,2130
164240,1641,1669,2128
164250,1646,1648,2127
164260,1648,1646,2125
164270,1647,1647,2127
164280,1654,1646,2118
164290,1652,1658,2113
164300,1648,1664,2112
164310,1648,1680,2113
164320,1646,1697,2112
164330,1653,1716,2112
164340,1659,1727,2106
164350,1664,1731,2095
164360,1674,1731,2080
164370,1679,1731,2064
164380,1686,1731,2057
164390,1683,1729,2063
164400,1690,1724,2047
164410,1693,1725,2047
164420,1699,1718,2039
164430,1705,1713,2047
164440,1701,1714,2064
164450,1695,1718,2064
164460,1689,1726,2065
164470,1680,1730,2061
164480,1675,1730,2061
164490,1682,1731,2055
164500,1681,1739,2029
164510,1677,1751,2032
164520,1664,1772,2019
164530,1631,1815,2101
164540,1596,1807,2005
164550,1620,1845,2013
164560,1653,1884,1987
164570,1636,1915,2053
164580,1631,1990,2039
164590,1611,1989,2015
164600,1581,1959,1988
164610,1593,1908,1967
164620,1614,1873,1955
164630,1621,1891,1953
164640,1647,1936,1957
164650,1645,1987,1958
164660,1626,2017,1968
164670,1600,2031,2079
164680,1588,2032,2139
164690,1535,2032,2298
164700,1521,2086,2320
164710,1527,2101,2224
164720,1593,2006,2106
164730,1648,1904,2018
164740,1690,1806,1985
164750,1696,1742,1993
164760,1675,1703,2034
164770,1653,1710,2083
164780,1662,1743,2067
164790,1670,1797,2073
164800,1654,1839,2087
164810,1635,1841,2097
164820,1631,1788,2103
164830,1631,1731,2098
164840,1631,1682,2103
164850,1627,1648,2119
164860,1615,1653,2108
164870,1600,1667,2118
164880,1616,1699,2096
164890,1640,1731,2073
164900,1660,1782,2046
164910,1662,1833,2039
164920,1642,1872,2054
164930,1623,1888,1967
164940,1595,1973,2096
164950,1655,2096,1972
164960,1691,2148,1910
164970,1689,2082,1914
164980,1676,1923,1950
164990,1648,1858,1931
165000,1646,1872,1889
165010,1635,1935,1875
165020,1624,2027,1872
165030,1610,2142,1872
165040,1590,2255,1915
165050,1591,2317,1973
165060,1616,2288,2005
165070,1629,2205,2059
165080,1644,2112,2091
165090,1647,2042,2105
165100,1648,1994,2080
165110,1654,1987,2021
165120,1650,2027,1985
165130,1648,2067,1968
165140,1654,2098,1986
165150,1674,2093,1983
165160,1687,2062,1984
165170,1690,2003,1988
165180,1715,1951,1983
165190,1718,1904,1981
165200,1711,1869,1958
165210,1693,1867,1962
165220,1703,1889,1967
165230,1708,1904,1984
165240,1735,1905,1985
165250,1748,1883,1981
165260,1751,1850,1987
165270,1759,1813,1977
165280,1745,1787,1984
165290,1746,1766,1989
165300,1744,1744,1975
165310,1751,1727,1984
165320,1771,1731,2001
165330,1776,1725,2021
165340,1791,1693,2037
165350,1802,1667,2019
165360,1801,1648,2018
165370,1805,1646,1991
165380,1808,1648,2000
165390,1811,1648,2020
165400,1830,1653,2030
165410,1840,1651,2037
165420,1841,1646,2034
165430,1846,1633,2029
165440,1862,1629,2039
165450,1883,1623,2041
165460,1899,1623,2058
165470,1904,1633,2074
165480,1914,1616,2054
165490,1907,1616,2047
165500,1911,1619,2039
165510,1907,1623,2013
165520,1915,1639,2020
165530,1926,1648,2027
165540,1936,1667,2019
165550,1938,1685,2023
165560,1935,1701,2041
165570,1932,1707,2036
165580,1922,1690,2034
165590,1923,1693,2037
165600,1921,1711,2033
165610,1926,1738,2034
165620,1926,1765,2041
165630,1926,1784,2045
165640,1922,1803,2039
165650,1919,1801,2032
165660,1908,1797,2015
165670,1907,1806,2007
165680,1907,1811,1997
165690,1906,1828,1990
165700,1908,1838,1983
165710,1913,1835,1979
165720,1910,1839,1985
165730,1915,1838,1987
165740,1909,1831,1987
165750,1905,1828,1982
165760,1903,1837,1979
165770,1905,1839,1978
165780,1911,1840,1981
165790,1913,1842,1980
165800,1911,1840,1979
165810,1914,1840,1978
165820,1915,1837,1981
165830,1917,1835,1983
165840,1919,1835,1990
165850,1919,1833,1986
165860,1915,1829,1984
165870,1916,1837,1979
165880,1917,1840,1978
165890,1921,1840,1973
165900,1920,1831,1979
165910,1919,1818,1980
165920,1917,1819,1981
165930,1914,1815,1984
165940,1914,1811,1984
165950,1915,1814,1989
165960,1914,1818,1984
165970,1914,1821,1979
165980,1913,1824,1981
165990,1915,1824,1978
166000,1918,1824,1979
166011,1917,1821,1979
166021,1909,1823,1980
166031,1919,1827,1984
166041,1910,1825,1985
166051,1915,1822,1987
166061,1911,1823,1985
166071,1911,1823,1985
166081,1916,1834,1985
166091,1914,1826,1983
166101,1919,1831,1984
166111,1919,1827,1990
166121,1918,1820,1984
166131,1915,1817,1982
166141,1914,1815,1984
166151,1914,1818,1984
166161,1914,1821,1985
166171,1906,1819,1983
166181,1910,1829,1984
166191,1914,1819,1983
166201,1916,1830,1983
166211,1917,1814,1987
166221,1916,1817,1989
166231,1913,1815,1982
166241,1911,1818,1987
166251,1911,1823,1987
166261,1909,1819,1984
166271,1910,1824,1984
166281,1917,1822,1985
166291,1914,1819,1984
166301,1914,1825,1985
166311,1915,1822,1981
166321,1911,1835,1989
166331,1910,1825,1987
166341,1910,1827,1993
166351,1910,1815,1986
166361,1914,1823,1986
166371,1909,1817,1985
166381,1907,1822,1987
166391,1911,1821,1993
166401,1909,1822,1981
166411,1907,1821,1984
166421,1905,1821,1984
166431,1909,1823,1986
166441,1909,1821,1995
166451,1904,1822,1985
166461,1905,1823,1981
166471,1909,1824,1988
166481,1910,1821,1983
166491,1911,1821,1996
166501,1916,1819,1993
166511,1907,1815,1984
166521,1905,1814,1987
166531,1904,1818,1989
166541,1911,1821,1992
166551,1909,1821,1987
166561,1910,1821,1991
166571,1904,1825,1990
166581,1910,1822,1994
166591,1908,1822,1994
166601,1914,1823,1989
166611,1904,1819,1989
166621,1908,1811,1993
166631,1911,1818,1991
166641,1904,1817,1993
166651,1907,1814,1997
166661,1904,1808,1995
166671,1904,1808,1989
166681,1904,1810,1990
166691,1899,1815,1996
166701,1904,1815,2000
166711,1903,1818,2001
166721,1902,1809,2000
166731,1903,1808,2000
166741,1901,1809,1999
166751,1898,1811,2000
166761,1901,1822,2005
166771,1891,1815,1998
166781,1902,1819,2000
166791,1897,1817,1999
166801,1899,1810,1999
166811,1903,1821,2000
166821,1901,1813,2000
166831,1897,1811,1999
166841,1895,1811,2002
166851,1895,1814,1999
166861,1895,1819,2001
166871,1895,1826,2000
166881,1892,1825,2000
166891,1895,1825,1998
166901,1903,1819,1998
166911,1897,1818,2000
166921,1895,1817,2002
166931,1892,1813,2001
166941,1893,1815,2000
166951,1899,1820,2000
166961,1895,1825,2000
166971,1903,1828,2000
166981,1903,1820,2000
166991,1893,1823,2000
